Site,Sample label,sampledepth,technique,lab. code,species/material,radiocarbonage (y),radiocarbonageerrorplus (y),radiocarbonageerrorminus (y),reservoirage (y),reservoirageerrorplus (y),reservoirageerrorminus (y),calendarage (yBP),calendarageerrorplus (yBP),calendarageerrorminus (yBP),calibration curve,alignment target,alignment proxy,note1,note2,original reference,data doi
GeoB7920-2,,0.029999999329447746,,,,899.9999761581421,35.00000014901161,35.00000014901161,383.0,50.9,50.9,555.0,96.0,83.0,IntCal20,,,From Mulitza et al. 2022 ESSD compilation,,,
GeoB7920-2,,0.5299999713897705,,,,4614.999771118164,59.99999865889549,59.99999865889549,296.0,51.8,51.8,4929.0,350.0,305.0,IntCal20,,,From Mulitza et al. 2022 ESSD compilation,,,
GeoB7920-2,,1.0299999713897705,,,,7809.999942779541,90.00000357627869,90.00000357627869,345.0,53.0,53.0,8254.0,169.0,225.9999999999991,IntCal20,,,From Mulitza et al. 2022 ESSD compilation,,,
GeoB7920-2,,1.4800000190734863,,,,9529.999732971191,109.99999940395355,109.99999940395355,294.0,64.9,64.9,10436.0,554.0,258.0,IntCal20,,,From Mulitza et al. 2022 ESSD compilation,,,
GeoB7920-2,,1.9299999475479126,,,,12100.000381469727,70.00000029802322,70.00000029802322,477.0,34.8,34.8,13477.0,255.0,165.0,IntCal20,,,From Mulitza et al. 2022 ESSD compilation,,,
GeoB7920-2,,2.2799999713897705,,,,12979.999542236328,79.99999821186066,79.99999821186066,496.0,34.9,34.9,14679.0,410.0,414.0,IntCal20,,,From Mulitza et al. 2022 ESSD compilation,,,
GeoB7920-2,,2.680000066757202,,,,16719.999313354492,109.99999940395355,109.99999940395355,670.0,42.7,42.7,19349.0,260.0,306.0,IntCal20,,,From Mulitza et al. 2022 ESSD compilation,,,
GeoB7920-2,,2.9800000190734863,,,,20100.000381469727,159.9999964237213,159.9999964237213,635.0,51.7,51.7,23446.0,348.0,392.0,IntCal20,,,From Mulitza et al. 2022 ESSD compilation,,,
