Site,Sample label,sample_depth,technique,lab. code,species/material,radiocarbon_age (y),radiocarbon_age_error_plus (y),radiocarbon_age_error_minus (y),reservoir_age (y),reservoir_age_error_plus (y),reservoir_age_error_minus (y),calendar_age (yBP),calendar_age_error_plus (yBP),calendar_age_error_minus (yBP),calibration curve,alignment target,alignment proxy,note1,note2,original reference,data doi
MD95-2037,,0.014999999664723873,,,,3464.9999141693115,29.999999329447746,29.999999329447746,424.0,51.5,51.5,3241.0,139.0,172.0,IntCal20,,,From Mulitza et al. 2022 ESSD compilation,,,
MD95-2037,,0.4050000011920929,,,,5505.000114440918,29.999999329447746,29.999999329447746,451.0,51.4,51.4,5797.0,121.0,188.0,IntCal20,,,From Mulitza et al. 2022 ESSD compilation,,,
MD95-2037,,1.0049999952316284,,,,9590.00015258789,50.00000074505806,50.00000074505806,384.0,64.10000000000001,64.10000000000001,10384.0,187.0,151.0,IntCal20,,,From Mulitza et al. 2022 ESSD compilation,,,
MD95-2037,,1.5149999856948853,,,,10515.000343322754,50.00000074505806,50.00000074505806,485.0,62.7,62.7,11538.0,277.0,269.0,IntCal20,,,From Mulitza et al. 2022 ESSD compilation,,,
MD95-2037,,1.9049999713897705,,,,10925.000190734863,50.00000074505806,50.00000074505806,521.0,50.4,50.4,12280.0,327.0,308.0,IntCal20,,,From Mulitza et al. 2022 ESSD compilation,,,
MD95-2037,,2.6050000190734863,,,,11760.000228881836,50.00000074505806,50.00000074505806,583.0,55.4,55.4,13082.0,154.0,179.0,IntCal20,,,From Mulitza et al. 2022 ESSD compilation,,,
MD95-2037,,3.305000066757202,,,,13689.9995803833,79.99999821186066,79.99999821186066,591.0,60.0,60.0,15702.0,301.0,338.0,IntCal20,,,From Mulitza et al. 2022 ESSD compilation,,,
MD95-2037,,3.9049999713897705,,,,16639.999389648438,100.00000149011612,100.00000149011612,706.0,60.900000000000006,60.900000000000006,19241.0,269.0,282.0,IntCal20,,,From Mulitza et al. 2022 ESSD compilation,,,
MD95-2037,,4.514999866485596,,,,21120.0008392334,150.00000596046448,150.00000596046448,790.0,81.4,81.4,24455.0,502.0,489.0,IntCal20,,,From Mulitza et al. 2022 ESSD compilation,,,
